classifier,accuracy,f1
oracle_human,0.7721,0.7102
sim_DeepSeek-V4-Flash_cot,0.3269,0.272
sim_DeepSeek-V4-Flash_eqmix,0.4077,0.3576
sim_DeepSeek-V4-Flash_few_shot,0.4183,0.3801
sim_DeepSeek-V4-Flash_fullmix,0.4702,0.4491
sim_DeepSeek-V4-Flash_one_shot,0.3808,0.3561
sim_DeepSeek-V4-Flash_zero_shot,0.2058,0.1123
sim_Gemini-2.5-Flash_cot,0.2856,0.2004
sim_Gemini-2.5-Flash_eqmix,0.3577,0.2796
sim_Gemini-2.5-Flash_few_shot,0.3923,0.3518
sim_Gemini-2.5-Flash_fullmix,0.4769,0.4197
sim_Gemini-2.5-Flash_one_shot,0.3673,0.3174
sim_Gemini-2.5-Flash_zero_shot,0.2163,0.114
sim_GPT-5.6-Luna_cot,0.3231,0.2836
sim_GPT-5.6-Luna_eqmix,0.3663,0.3177
sim_GPT-5.6-Luna_few_shot,0.3567,0.3389
sim_GPT-5.6-Luna_fullmix,0.4981,0.4761
sim_GPT-5.6-Luna_one_shot,0.4173,0.349
sim_GPT-5.6-Luna_zero_shot,0.2538,0.2128
sim_Llama-4-Maverick_cot,0.2125,0.1585
sim_Llama-4-Maverick_eqmix,0.451,0.355
sim_Llama-4-Maverick_few_shot,0.3778846153846154,0.31693575418114023
sim_Llama-4-Maverick_fullmix,0.4519230769230769,0.4016487839379449
sim_Llama-4-Maverick_one_shot,0.4269230769230769,0.39304797991288853
sim_Llama-4-Maverick_zero_shot,0.3326923076923077,0.25583043227019836
sim_MiniMax-M3_cot,0.43653846153846154,0.3474640436713464
sim_MiniMax-M3_eqmix,0.49615384615384617,0.4030051753454673
sim_MiniMax-M3_few_shot,0.4826923076923077,0.4358067575751817
sim_MiniMax-M3_fullmix,0.5298076923076923,0.4855703140279289
sim_MiniMax-M3_one_shot,0.44711538461538464,0.42206340829800093
sim_MiniMax-M3_zero_shot,0.33365384615384613,0.20312559171717653
sim_Qwen-3.7-Plus_cot,0.34423076923076923,0.27655003990281296
sim_Qwen-3.7-Plus_eqmix,0.41442307692307695,0.37508056528342937
sim_Qwen-3.7-Plus_few_shot,0.36346153846153845,0.29392098706232683
sim_Qwen-3.7-Plus_fullmix,0.4673076923076923,0.45476933066405356
sim_Qwen-3.7-Plus_one_shot,0.4,0.33584087636204374
sim_Qwen-3.7-Plus_zero_shot,0.23653846153846153,0.15792255411231637
